"date","gdp","nks","emp","hrs","co2","sox","ls","tfpe","tfph","pop"
"1843-01-01",,,,,144.429705369507,,,,,
"1844-01-01",,,,,167.85073867267,,,,,
"1845-01-01",,,,,222.499816380051,,,,,
"1846-01-01",,,,,242.017344132687,,,,,
"1847-01-01",,,,,183.464760874779,,,,,
"1848-01-01",,,,,331.797971794813,,,,,
"1849-01-01",,,,,288.859410739014,,,,,
"1850-01-01",,,,,363.026016199031,2.48223709037604,,,,
"1851-01-01",,,,,331.797971794813,2.30377102838585,,,,
"1852-01-01",,,,,355.219005097976,2.44816681946273,,,,
"1853-01-01",,,,,382.543543951667,2.6300947242755,,,,
"1854-01-01",,,,,487.938193815902,3.29511037960589,,,,
"1855-01-01",,,,,484.034688265374,3.25944067598516,,,,
"1856-01-01",,,,,690.920482443317,4.58836971767506,,,,
"1857-01-01",,,,,706.534504645425,4.67915853912488,,,,
"1858-01-01",,,,,523.069743770646,3.51444250597215,,,,
"1859-01-01",,,,,667.499449140153,4.43034540604537,,,,
"1860-01-01",,,,,577.718821478028,3.87508680806012,,,,
"1861-01-01",,,,,835.350187812824,5.49067109836511,,,,
"1862-01-01",,,,,722.148526847534,4.79234948005882,,,,
"1863-01-01",,,,,804.122143408606,5.33160462199289,,,,
"1864-01-01",,,,,690.920482443317,4.64486766052496,,,,
"1865-01-01",,,,,1081.27103749604,7.15767814741806,,,,
"1866-01-01",,,,,999.297420934967,6.620191855198,,,,
"1867-01-01",,,,,975.876387631803,6.53962591047958,,,,
"1868-01-01",,,,,1155.43764295606,7.725848518969,,,,
"1869-01-01",,,,,1007.10443203602,6.78479349508544,,,,
"1870-01-01",,,,,1217.89373176449,8.14647579473693,,,,
"1871-01-01",,,,,1264.73579837082,8.4512199353012,,,,
"1872-01-01",,,,,1213.99022621396,8.1294201196834,,,,
"1873-01-01",,,,,1225.70074286554,8.26408938831448,,,,
"1874-01-01",,,,,1323.28838162873,8.98859422711181,,,,
"1875-01-01",,,,,1553.59520910983,10.3796004381034,,,,
"1876-01-01",,,,,1643.37583677196,11.0113661351417,,,,
"1877-01-01",,,,,1623.85830901932,11.0400465105752,,,,
"1878-01-01",,,,,1541.88469245825,10.3270158678778,,,,
"1879-01-01",,,,,1740.96347553514,11.9915933000331,,,,
"1880-01-01",,,,,1982.98081966782,13.1064308309636,,,,
"1881-01-01",,,,,2100.08598618364,14.2332808912058,,,,
"1882-01-01",,,,,2252.3227026542,15.1253878694749,,,,
"1883-01-01",,,,,2588.02417999954,17.2996324091006,,,,
"1884-01-01",,,,,2576.31366334796,17.385990768288,,,,
"1885-01-01",,,,,2701.22584096483,18.0809775282001,,,,
"1886-01-01",,,,,2588.02417999954,17.6000202735536,,,,
"1887-01-01",,,,,2654.3837743585,17.8764957288608,,,,
"1888-01-01",,,,,2986.18174615332,20.1319436166878,,,,
"1889-01-01",,,,,3189.16403478073,21.5807585487966,,,,
"1890-01-01",,,,,3056.44484606281,20.8578617838914,,,,
"1891-01-01",,,,,3286.75167354391,22.7332546582928,,,,
"1892-01-01",,,,,3376.53230120604,22.6024041505039,,,,
"1893-01-01",,,,,3193.06754033126,22.4070082193764,,,,
"1894-01-01",,,,,3622.45315088925,24.8355882553003,,,,
"1895-01-01",,,,,3755.17233960718,25.9878070912631,,,,
"1896-01-01",,,,,4594.42603297053,30.9556264368763,,,,
"1897-01-01",,,,,4926.22400476534,33.1467284829421,,,,
"1898-01-01",,,,,5117.49577674118,34.4805610745605,,,,
"1899-01-01",,,,,5593.7234539055,37.681824757621,,,,
"1900-01-01",,,,,5484.42529849073,36.9206839568229,,,,
"1901-01-01",,,,,5710.82862042131,38.4932246919914,,,,
"1902-01-01",,,,,5863.06533689187,39.5216832803823,,,,
"1903-01-01",,,,,6101.17917547403,41.1837539395384,,,,
"1904-01-01",,,,,6581.31035818888,44.4084385140132,,,,
"1905-01-01",,,,,6401.74910286463,43.2825356231094,,,,
"1906-01-01",,,,,6971.6609132416,46.763945595166,,,,
"1907-01-01",,,,,6214.38083643932,42.1337001480722,,,,
"1908-01-01",,,,,7709.42346229124,51.5951014356367,,,,
"1909-01-01",,,,,8529.15962790196,57.1578458258217,,,,
"1910-01-01",,,,,7830.43213435759,53.2788645085101,,,,
"1911-01-01",,,,,8341.79136147665,56.7022449661972,,,,
"1912-01-01",,,,,9891.48306503595,66.7324016109267,,,,
"1913-01-01",,,,,10149.1144313708,68.7908478379684,,,,
"1914-01-01",,,,,10402.842292155,71.2242283113348,,,,
"1915-01-01",,,,,11136.7013356541,75.2907614808378,,,,
"1916-01-01",,,,,10882.9734748699,74.5938461603125,,,,
"1917-01-01",,,,,7920.21276201971,61.4686238072628,,,,
"1918-01-01",,,,,9243.50114364844,72.3355944448761,,,,
"1919-01-01",,,,,8775.08047758517,68.972210893983,,,,
"1920-01-01",,,,,7662.58139568492,51.2649029981451,,,,
"1921-01-01",,,,,7237.09929067745,47.845697261966,,,,
"1922-01-01",,,,,10281.8336200887,68.2276991978262,,,,
"1923-01-01",,,,,11214.7714466647,75.1690765195358,,,,
"1924-01-01",,,,,13147.0066941757,87.8311712458913,,,,
"1925-01-01",,,,,11421.6572408426,78.2704818578649,,,,
"1926-01-01",,,,,11152.3153578562,78.8365692419885,,,,
"1927-01-01",,,,,14197.0496872675,96.3911401867106,,,,
"1928-01-01",,,,,13381.2170272073,90.2953442328274,,,,
"1929-01-01",,,,,16117.5744181269,106.039712467427,,,,
"1930-01-01",,,,,14712.3124199371,101.270888319124,,,,
"1931-01-01",,,,,15258.8031970109,105.31440796848,,,,
"1932-01-01",,,,,14306.3478426822,100.223382631468,,,,
"1933-01-01",,,,,14247.7952594243,98.2741536687972,,,,
"1934-01-01",,,,,15602.3116854573,108.313096702869,,,,
"1935-01-01",,,,,16250.2936068448,109.255980200921,,,,
"1936-01-01",,,,,16812.3984061207,108.546737307253,,,,
"1937-01-01",,,,,17362.792688745,108.880452485205,,,,
"1938-01-01",,,,,15590.6011688057,102.103867434514,,,,
"1939-01-01",,,,,17370.5996998461,105.990834043778,,,,
"1940-01-01",,,,,15793.5834574331,83.2127475641582,,,,
"1941-01-01",,,,,18537.7478594537,110.372136731333,,,,
"1942-01-01",,,,,17550.1609551703,116.066188991911,,,,
"1943-01-01",,,,,21972.8327439177,149.983671532706,,,,
"1944-01-01",,,,,21609.8067277186,145.519679479434,,,,
"1945-01-01",,,,,14962.1367751708,123.747511932425,,,,
"1946-01-01",,,,,18799.282731339,148.222962256848,,,,
"1947-01-01",,,,,22858.9285038873,200.164668197379,,,,
"1948-01-01",,,,,18190.3358654568,168.126289635973,,,,
"1949-01-01",,,,,17987.3535768294,150.10528985625,,,,
"1950-01-01",397447.514280296,1275704.00244042,1972.56389807623,4042.78407593932,23428.8403142643,181.237936468235,0.632706940174103,0.425527331750231,0.333751841855559,4.26969758326596
"1951-01-01",390781.698255553,1292455.97403764,1995.52103971136,4060.99966412289,23358.5772143548,179.124718490801,0.632706940174103,0.413353261585644,0.325658018843716,4.30230758985457
"1952-01-01",399477.902570282,1309717.9618194,1976.72338184561,3994.37941028388,24400.8131963456,190.033814273693,0.632706940174103,0.423023260205067,0.33477198546051,4.3326785752479
"1953-01-01",424283.791893934,1343490.95355165,2020.56793574368,4054.16316078274,24670.155079332,193.679405886243,0.632706940174103,0.438973831112173,0.348955040208431,4.36794756847204
"1954-01-01",445584.250300257,1381016.62436922,2038.18566668848,4060.6719212258,27254.275753781,218.185719173835,0.632706940174103,0.453870736232637,0.362416297201672,4.40465664750221
"1955-01-01",443597.280969715,1405760.12956506,2032.1464528915,4020.08839170938,28839.099007295,277.281214821752,0.632706940174103,0.44975286698936,0.360739866623525,4.43764657742327
"1956-01-01",452525.249312036,1441141.41233387,2021.05854885678,3969.96004524246,28101.3364582454,266.286850543619,0.632706940174103,0.456211464502695,0.367562273808054,4.46510926639075
"1957-01-01",469261.909001445,1485493.37977312,2025.21779423301,3950.08081083526,26532.1272269334,285.391756119802,0.632706940174103,0.467238568661282,0.378135737902379,4.48646267376604
"1958-01-01",480236.25951034,1519259.09127435,2031.94739460703,3935.24698339758,28546.3360910055,286.003926197899,0.632706940174103,0.473240145922946,0.384712246059435,4.5137551837753
"1959-01-01",518679.209959213,1587676.46239096,2071.52971728588,3983.60851186399,27742.2139475969,287.02261371158,0.632706940174103,0.496818581118629,0.405692738781139,4.54524973164622
"1960-01-01",549770.373885079,1672602.99739967,2110.326772912,4029.60032174075,31700.3685758315,323.283037232969,0.632706940174103,0.510586665048776,0.418806410121532,4.579603
"1961-01-01",585720.045781406,1759811.84483393,2141.15148464679,4114.04583236398,33780.9370342625,362.519072465282,0.632706940174103,0.529037234616736,0.432230881652844,4.611687
"1962-01-01",621657.158069124,1859425.56591716,2174.02828466028,4203.36941530982,39308.300893809,413.976830146471,0.632706940174103,0.544975586528647,0.443497892942912,4.647727
"1963-01-01",629090.582048079,1937364.35918099,2200.74500554718,4281.65377010794,43332.8151164026,465.656895200635,0.632706940174103,0.53905529931847,0.436951812077155,4.684483
"1964-01-01",682371.826969669,2054368.07210799,2245.95030757431,4396.95846737392,45975.4883741095,438.015859925471,0.632706940174103,0.564937394927803,0.456126872588936,4.722072
"1965-01-01",710062.820291754,2181285.37962717,2287.04475803567,4505.42646038466,47197.2856114245,474.391400166338,0.632706940174103,0.568501417171879,0.457196473152785,4.759012
"1966-01-01",735165.651143138,2300808.85251475,2326.08998093619,4611.02531808537,53360.920875707,511.739229299981,0.632706940174103,0.571030041995246,0.457420681313124,4.797381
"1967-01-01",777291.608694326,2424459.81638171,2326.21990520569,4544.75306682062,52240.6147827057,451.904743908027,0.632706940174103,0.592232416713483,0.478786974811123,4.835354
"1968-01-01",820776.506084691,2557120.98617323,2343.90748534492,4475.00567836841,56764.7777157667,472.382540579555,0.632706940174103,0.610314798541843,0.500651094961113,4.864883
"1969-01-01",873773.638922498,2719161.16826106,2389.21052856562,4467.12489608362,63232.8864129903,531.607174029857,0.632706940174103,0.627576825235455,0.521666319781336,4.89186
"1970-01-01",887362.644826502,2876015.74579196,2421.0865541142,4467.64930719655,66105.8664981783,600.480440312048,0.632706940174103,0.619129365304322,0.51893963650548,4.928757
"1971-01-01",915561.517321668,3030509.60840931,2417.53902557384,4375.03875075282,60742.449871754,568.329020764334,0.64571887254715,0.62744575245112,0.532499970631832,4.963126
"1972-01-01",950330.831313708,3205254.35365627,2466.08373891696,4320.10442827046,63490.5177793251,497.717825955325,0.625122129917145,0.630087245483123,0.545905527660953,4.991596
"1973-01-01",995181.586140176,3390732.87952271,2496.84193896149,4268.37060524682,63088.4567076208,515.72827469377,0.619901418685913,0.640994985032867,0.563870817666809,5.021861
"1974-01-01",985585.358310172,3547786.82338019,2476.72894686274,4189.40622774972,58630.6533689187,427.265225061355,0.640995025634766,0.627471772512087,0.555670573927472,5.045297
"1975-01-01",971689.623214695,3671495.38907504,2444.23,3951.117,59376.2229290694,470.989080065046,0.647510290145874,0.616350490303928,0.562005109242499,5.059862
"1976-01-01",1029926.88087119,3799447.08441978,2485.99,4036.1,64013.5875230957,501.701421972983,0.64292585849762,0.638382935372286,0.580467262913333,5.072596
"1977-01-01",1050375.40163428,3918450.03014549,2480.33,3964.626,65836.5246151919,473.704459461075,0.647219479084015,0.644917434590504,0.592335253920556,5.088419
"1978-01-01",1075762.90612433,4037966.15074522,2501.28,3939.905,65059.727010637,443.610623540705,0.649732947349548,0.650010763531697,0.602718280068966,5.104248
"1979-01-01",1119366.79765036,4155221.70472805,2529.76,3956.147,67062.2253580575,437.539906470915,0.657581686973572,0.66474762675964,0.61929386942206,5.116801
"1980-01-01",1110955.49949585,4237455.80619448,2515.24,3967.63,64263.4118783295,452.449433292051,0.670393407344818,0.657932194615885,0.609432255677412,5.123027
"1981-01-01",1102723.47688353,4267847.47403373,2475.76,3828.505,55129.2088900958,370.686286421977,0.666028082370758,0.658434412407766,0.618050816558705,5.121572
"1982-01-01",1145642.7312028,4310659.59939177,2486.92,3861.797,57159.0317763699,378.99270158748,0.658098816871643,0.679730899427612,0.636285990874367,5.11781
"1983-01-01",1176057.3249213,4357849.07933237,2488.7,3847.425,53411.6664478638,323.149573125422,0.657352089881897,0.694853889268533,0.652346383205074,5.114297
"1984-01-01",1227090.52132753,4423855.81213104,2524.68,3890.12,54141.6219858124,305.73612446521,0.646592020988464,0.714504795097734,0.672247780485128,5.111619
"1985-01-01",1278052.56296461,4517297.26794147,2583.41,3946.072,63947.2279287367,343.765495102454,0.647912561893463,0.72779826327498,0.688628650454891,5.113691
"1986-01-01",1338548.00293126,4656329.26177209,2646.56,4051.754,62702.0096581186,292.425844742175,0.656899631023407,0.742467538508582,0.70146480430481,5.120534
"1987-01-01",1344744.88422581,4788768.64476443,2666.53,3981.2,62104.7733088879,259.000029497861,0.672873914241791,0.735243185770091,0.70632173255551,5.127024
"1988-01-01",1348415.43603173,4884959.64539866,2653.7,3904.043,58661.8814133229,255.097015142986,0.681557714939117,0.734929068952287,0.713106486257502,5.129516
"1989-01-01",1357816.19727481,4973460.12310296,2645.22,3848.664,51932.237844214,197.852804604819,0.669569313526154,0.737346972055777,0.720830922428514,5.132594
"1990-01-01",1380359.61786974,5063081.5884849,2634.09,3794.406,53368.727886808,177.7773,0.666138172149658,0.747256852442766,0.735404981486588,5.140939
"1991-01-01",1400487.70275455,5117414.03666099,2608.54,3749.284,63984.523294329,238.4256,0.659968972206116,0.760329392120091,0.74937039340036,5.154298
"1992-01-01",1428816.97332616,5163444.31874308,2587.47,3757.955,58198.639716724,183.8353,0.655461013317108,0.777471615974758,0.761031899705907,5.17137
"1993-01-01",1427689.60597437,5185157.51093208,2545.28,3687.905,60459.19866437,148.9391,0.652769029140472,0.784118323748274,0.768732121016569,5.188628
"1994-01-01",1503281.44478861,5210388.00165227,2595.82,3651.441,64542.540611711,151.2264,0.637309312820435,0.813826466742826,0.813236488785502,5.20618
"1995-01-01",1548951.41032479,5260355.89425502,2612.02,3706.831,61526.174709379,144.8937,0.641372659208198,0.83235176015531,0.827063908951346,5.233373
"1996-01-01",1593805.15500306,5321990.87787664,2637.97,3725.51,74758.547264094,175.8204,0.645714017297767,0.847496789921245,0.844750325523249,5.263074
"1997-01-01",1644304.64275727,5398311.83707547,2674.42,3819.311,65309.168238758,103.9117,0.642176515311369,0.862274559194629,0.85333485590564,5.284991
"1998-01-01",1682556.12506725,5486301.47549137,2712.12,3908.531,61119.137483197,80.37227,0.658606401136748,0.869408906427555,0.85532160256557,5.304219
"1999-01-01",1732482.73552802,5552698.6247835,2734.77,3983.185,58538.729369016,59.38995,0.650450666101991,0.886654560572618,0.866254885852591,5.321799
"2000-01-01",1797000.47893864,5650297.4230104,2755.15,4038.877,54194.33513473,32.32747,0.624413903386923,0.909567097570517,0.884988317517398,5.339616
"2001-01-01",1814072.54789048,5733546.94368413,2782.47,4086.55,55795.588732768,29.70965,0.638926119008796,0.907600414973841,0.882033805277437,5.358783
"2002-01-01",1822354.36926453,5799855.34072242,2784.2,4072.128,55459.252956669,28.28914,0.642050569057868,0.907621236770366,0.884405611737794,5.375931
"2003-01-01",1830392.6555404,5864075.53736311,2758.65,4021.64,60555.827071195,35.10629,0.643206117495585,0.913439863699094,0.8919401977382,5.390574
"2004-01-01",1881210.75960275,5929763.22916511,2744.15,4001.178,55014.544956045,28.63682,0.63239648044312,0.938168136218715,0.91598764655132,5.404523
"2005-01-01",1925599.93929432,6013903.82246734,2783.16,4039.378,51450.2016901,26.20698,0.631108775200248,0.946854147640224,0.927166793350857,5.419432
"2006-01-01",1999090.27036411,6149179.44722196,2845.94,4142.84,59420.902373024,30.46224,0.628822386365929,0.961328477248213,0.939572057557119,5.437272
"2007-01-01",2018824.75349766,6273593.47772885,2912.41,4172.813,54631.284354784,28.11625,0.64431611452938,0.949715942039812,0.937652254873102,5.461438
"2008-01-01",2010402.63368916,6367875.18382453,2948.87,4216.786,51175.002730751,21.10965,0.644185397612773,0.93323837300303,0.922547170606184,5.493621
"2009-01-01",1910395.6112074,6414103.14987411,2856.33,4047.044,48774.675702906,15.28153,0.666098775882509,0.903278000112173,0.8983294326308,5.523095
"2010-01-01",1940635.1431251,6424180.82816193,2789.86,3967.99,49116.547877018,15.10539,0.639428180941805,0.931280268797268,0.923872234150236,5.547683
"2011-01-01",1966073.11674481,6434087.91527553,2786.63,4003.93,44161.887738094,13.88467,0.636041476656242,0.943657900274817,0.930096344920721,5.570572
"2012-01-01",1965966.33670766,6459811.68168019,2767.15,3938.409,39788.670084233,12.45338,0.630080082558264,0.946419811302681,0.938436286108901,5.591572
"2013-01-01",1993345.79166638,6492992.31902864,2768.25,3946.826,41684.097229842,12.51925,0.62998518359294,0.957543366961733,0.948427253446344,5.614932
"2014-01-01",2018820.73128998,6545977.22772123,2786.2,3938.742,37504.647606101,10.48228,0.623840671072763,0.962935026500267,0.95887174439451,5.643475
"2015-01-01",2061305.10834588,6611344.01005805,2827.15,3977.497,35039.054615486,9.193972,0.62479514878572,0.970653690219585,0.969458166242619,5.683483
"2016-01-01",2124649.99515122,6704414.66829429,2873.41,4057.307,36847.744691901,9.246442,0.623205457366653,0.985208772607635,0.981765063633833,5.72801
"2017-01-01",2189589.4,6810171.2,2916.64,4095.18,34597.063078639,9.742495,0.618127208836578,1,1,5.76498
"2018-01-01",2230315.8807673,6924327.89897262,2961.81,4089.619,34540.788060293,10.07082,0.623594082369847,1.00258824829528,1.01305461690112,5.793636
"2019-01-01",2268485.57818784,7017446.39000251,3004.19,4122.911,30883.745721839,8.84733,0.626783905619953,1.00568102506652,1.02006228110143,5.814422
"2020-01-01",2228104.14537913,7122617.15683291,2970.85,3982.709,28224.382288239,8.737,0.618594638736203,0.989099711746637,1.01799274637646,5.831404
"2021-01-01",2372936.56555172,7309155.33601518,3038.18,4219.498,29449.078260664,7.905246,0.595315515447334,1.02865658873218,1.03623582674399,5.856733
"2022-01-01",2383468.42905372,8056175.30239938,3161.16,4379.839,28296.227232235,8.044957,0.570648277962102,0.969445217915489,0.977946754189003,5.903037
"2023-01-01",2397878.5626581,8415620.24880913,3195.97,4392.376,25790.263355591,8.048094,0.606433821396479,0.951791247851638,0.964722214151737,5.946952
"2024-01-01",2481272.90976486,8404060.96842282,3217.36,4412.71,,,0.605042280997661,0.981453218279095,0.996024315490219,5.976992
"2025-01-01",,,,,,,,,,6.009169
