"date","gdp","nks","emp","hrs","co2","sox","ls","tfpe","tfph"
"1751-01-01",,,,,10146.3226714008,,,,
"1752-01-01",,,,,10150.2985031686,,,,
"1753-01-01",,,,,10150.2985031686,,,,
"1754-01-01",,,,,10154.2743349364,,,,
"1755-01-01",,,,,10158.2501667042,,,,
"1756-01-01",,,,,10857.9965578353,,,,
"1757-01-01",,,,,10861.9723896031,,,,
"1758-01-01",,,,,10865.9482213709,,,,
"1759-01-01",,,,,10869.9240531387,,,,
"1760-01-01",,,,,10869.9240531387,,,,
"1761-01-01",,,,,11907.6161445319,,,,
"1762-01-01",,,,,11911.5919762997,,,,
"1763-01-01",,,,,11915.5678080675,,,,
"1764-01-01",,,,,11919.5436398353,,,,
"1765-01-01",,,,,11923.5194716031,,,,
"1766-01-01",,,,,13303.1330950263,,,,
"1767-01-01",,,,,13307.1089267941,,,,
"1768-01-01",,,,,13311.0847585619,,,,
"1769-01-01",,,,,13315.0605903297,,,,
"1770-01-01",,,,,13319.0364220975,,,,
"1771-01-01",,,,,14770.2150173409,,,,
"1772-01-01",,,,,14774.1908491087,,,,
"1773-01-01",,,,,14778.1666808765,,,,
"1774-01-01",,,,,14782.1425126443,,,,
"1775-01-01",,,,,14786.1183444121,,,,
"1776-01-01",,,,,16316.8135750114,,,,
"1777-01-01",,,,,16320.7894067791,,,,
"1778-01-01",,,,,16324.7652385469,,,,
"1779-01-01",,,,,16328.7410703147,,,,
"1780-01-01",,,,,16336.6927338503,,,,
"1781-01-01",,,,,18276.898636532,,,,
"1782-01-01",,,,,18280.8744682998,,,,
"1783-01-01",,,,,18288.8261318353,,,,
"1784-01-01",,,,,18292.8019636031,,,,
"1785-01-01",,,,,18300.7536271387,,,,
"1786-01-01",,,,,20777.6968184721,,,,
"1787-01-01",,,,,20785.6484820076,,,,
"1788-01-01",,,,,20789.6243137754,,,,
"1789-01-01",,,,,20797.575977311,,,,
"1790-01-01",,,,,20805.5276408466,,,,
"1791-01-01",,,,,23238.7366827343,,,,
"1792-01-01",,,,,23246.6883462698,,,,
"1793-01-01",,,,,23254.6400098054,,,,
"1794-01-01",,,,,23258.6158415732,,,,
"1795-01-01",,,,,23266.5675051088,,,,
"1796-01-01",,,,,24320.1629235732,,,,
"1797-01-01",,,,,25544.7191080526,,,,
"1798-01-01",,,,,26602.2903582848,,,,
"1799-01-01",,,,,27993.8314770114,,,,
"1800-01-01",,,,,28900.3211200676,,,,
"1801-01-01",,,,,28983.8135871912,,,,
"1802-01-01",,,,,29134.8951943673,,,,
"1803-01-01",,,,,32760.853766592,,,,
"1804-01-01",,,,,32911.935373768,,,,
"1805-01-01",,,,,34140.4673900152,,,,
"1806-01-01",,,,,36080.6732926969,,,,
"1807-01-01",,,,,36088.6249562325,,,,
"1808-01-01",,,,,36100.5524515358,,,,
"1809-01-01",,,,,36112.4799468392,,,,
"1810-01-01",,,,,36124.4074421426,,,,
"1811-01-01",,,,,38589.4231381726,,,,
"1812-01-01",,,,,40080.3600510939,,,,
"1813-01-01",,,,,40557.4598632288,,,,
"1814-01-01",,,,,41328.7712261801,,,,
"1815-01-01",,,,,42235.2608692362,,,,
"1816-01-01",,,,,44962.6814619404,,,,
"1817-01-01",,,,,45491.4670870565,,,,
"1818-01-01",,,,,45598.8145447868,,,,
"1819-01-01",,,,,45940.7360768168,,,,
"1820-01-01",,,,,46147.4793287419,,,,
"1821-01-01",,,,,46521.2075149142,,,,
"1822-01-01",,,,,48310.3318104198,,,,
"1823-01-01",,,,,50862.8158053412,,,,
"1824-01-01",,,,,53260.2423613187,,,,
"1825-01-01",,,,,53812.8829770416,,,,
"1826-01-01",,,,,54413.2335739779,,,,
"1827-01-01",,,,,56675.4818498506,,,,
"1828-01-01",,,,,57065.113363094,,,,
"1829-01-01",,,,,57876.1830437233,,,,
"1830-01-01",,,,,73640.3560030118,,,,
"1831-01-01",,,,,71362.2044000679,,,,
"1832-01-01",,,,,71171.364475214,,,,
"1833-01-01",,,,,71067.9928492514,,,,
"1834-01-01",,,,,71115.7028304649,,,,
"1835-01-01",,,,,70817.5154478807,,,,
"1836-01-01",,,,,82951.7540031766,,,,
"1837-01-01",,,,,80049.3968126897,,,,
"1838-01-01",,,,,82263.9351073489,,,,
"1839-01-01",,,,,84398.9567666523,,,,
"1840-01-01",,,,,87849.9787410942,,,,
"1841-01-01",,,,,88804.1783653639,,,,
"1842-01-01",,,,,92636.8801895138,,,,
"1843-01-01",,,,,96676.3252655887,,,,
"1844-01-01",,,,,101427.444228098,,,,
"1845-01-01",,,,,108496.473111229,,,,
"1846-01-01",,,,,103836.798279379,,,,
"1847-01-01",,,,,112360.981589521,,,,
"1848-01-01",,,,,118587.134137881,,,,
"1849-01-01",,,,,125878.809600008,,,,
"1850-01-01",,,,,133039.282613799,868.852800700777,,,
"1851-01-01",,,,,126582.531822907,829.736862318015,,,
"1852-01-01",,,,,126133.262833147,827.00640484872,,,
"1853-01-01",,,,,125437.492273784,822.787969068347,,,
"1854-01-01",,,,,151157.147979619,978.546015894151,,,
"1855-01-01",,,,,141543.586765102,920.966573440335,,,
"1856-01-01",,,,,152322.066687582,986.893909165495,,,
"1857-01-01",,,,,149594.646094877,971.025457224573,,,
"1858-01-01",,,,,146612.772269035,953.618288822456,,,
"1859-01-01",,,,,162778.50423687,1051.77886062655,,,
"1860-01-01",,,,,182244.176571971,1170.35559840738,,,
"1861-01-01",,,,,189945.362706181,1215.62155521523,,,
"1862-01-01",,,,,183894.146755604,1175.10209910215,,,
"1863-01-01",,,,,195563.212994069,1246.10447461569,,,
"1864-01-01",,,,,210412.944646766,1334.88422424988,,,
"1865-01-01",,,,,222976.573032983,1410.03233286749,,,
"1866-01-01",,,,,229751.390365298,1448.24894192074,,,
"1867-01-01",,,,,235874.171287695,1484.53657357553,,,
"1868-01-01",,,,,231365.57806302,1455.7949538565,,,
"1869-01-01",,,,,242744.408582436,1524.11317566863,,,
"1870-01-01",,,,,247940.820702938,1553.55961395932,,,
"1871-01-01",,,,,262635.494916691,1642.75341488542,,,
"1872-01-01",,,,,276690.06021583,1727.27285192401,,,
"1873-01-01",,,,,287182.280251028,1789.04364567306,,,
"1874-01-01",,,,,279075.559276504,1739.014487816,,,
"1875-01-01",,,,,294593.230666189,1834.54956479413,,,
"1876-01-01",,,,,294084.324199912,1830.44903082203,,,
"1877-01-01",,,,,299380.132114609,1861.13564937402,,,
"1878-01-01",,,,,294036.614218699,1828.01180151433,,,
"1879-01-01",,,,,295849.593504811,1837.14303787011,,,
"1880-01-01",,,,,322412.125545418,1998.9148253219,,,
"1881-01-01",,,,,338891.948222909,2094.37230324316,,,
"1882-01-01",,,,,341770.450422789,2138.12345400771,,,
"1883-01-01",,,,,355622.24830177,2226.54082907924,,,
"1884-01-01",,,,,346255.188656856,2171.63800673403,,,
"1885-01-01",,,,,342124.299450122,2141.49967178096,,,
"1886-01-01",,,,,339019.174839478,2124.09395409612,,,
"1887-01-01",,,,,347714.318915636,2180.66322870207,,,
"1888-01-01",,,,,361522.382645171,2277.53142430051,,,
"1889-01-01",,,,,374388.174245741,2368.2914088766,,,
"1890-01-01",,,,,383067.414994827,2436.01780494793,,,
"1891-01-01",,,,,391150.280978745,2491.25632266798,,,
"1892-01-01",,,,,383051.511667756,2448.11757213666,,,
"1893-01-01",,,,,343122.233223838,2209.07192206287,,,
"1894-01-01",,,,,392919.526115411,2520.4882938782,,,
"1895-01-01",,,,,396660.783808902,2545.39441400628,,,
"1896-01-01",,,,,407979.976851801,2620.81890242835,,,
"1897-01-01",,,,,418818.094250797,2696.54263647962,,,
"1898-01-01",,,,,419804.100529209,2719.22167172321,,,
"1899-01-01",,,,,449833.557871329,2907.23434970192,,,
"1900-01-01",,,,,455463.33565452,2945.33793038689,,,
"1901-01-01",,,,,445654.958683382,2895.1171896437,,,
"1902-01-01",,,,,462949.826873269,3007.53647030278,,,
"1903-01-01",,,,,466579.761277262,3045.44237657794,,,
"1904-01-01",,,,,468758.517086011,3062.4849609096,,,
"1905-01-01",,,,,474921.056326086,3113.27065151442,,,
"1906-01-01",,,,,491933.640460461,3236.10147828953,,,
"1907-01-01",,,,,513872.280155127,3394.61520571004,,,
"1908-01-01",,,,,501280.820946536,3321.88029851967,,,
"1909-01-01",,,,,505753.6316853,3365.74909538425,,,
"1910-01-01",,,,,509709.584294251,3407.46941697294,,,
"1911-01-01",,,,,522316.946829914,3521.97574522198,,,
"1912-01-01",,,,,494684.916043771,3357.93862059712,,,
"1913-01-01",,,,,540732.999578319,3680.76664810749,,,
"1914-01-01",,,,,524304.862713809,3594.54490296539,,,
"1915-01-01",,,,,531139.317522641,3665.48883016992,,,
"1916-01-01",,,,,550227.285839802,3833.48613316632,,,
"1917-01-01",,,,,543822.220861892,3790.05926247896,,,
"1918-01-01",,,,,506580.604693,3540.52713390859,,,
"1919-01-01",,,,,494951.296772213,3479.18873144721,,,
"1920-01-01",,,,,510015.723340371,3669.01878928981,,,
"1921-01-01",,,,,347022.52418804,2544.11323256317,,,
"1922-01-01",,,,,464667.386196955,3406.72769713697,,,
"1923-01-01",,,,,493607.4656347,3650.64530167303,,,
"1924-01-01",,,,,516492.353290101,3860.66582435223,,,
"1925-01-01",,,,,487926.002038528,3690.56881667549,,,
"1926-01-01",,,,,267338.903897987,2143.88247600131,,,
"1927-01-01",,,,,506457.353908198,3920.81051610316,,,
"1928-01-01",,,,,474905.152999015,3713.85215269799,,,
"1929-01-01",,,,,499901.207323112,3930.87737290559,,,
"1930-01-01",,,,,478634.483197202,3795.6633539417,,,
"1931-01-01",,,,,447320.832194086,3556.39831272593,,,
"1932-01-01",,,,,429612.477500348,3450.91395054377,,,
"1933-01-01",,,,,425549.177433666,3454.58106740138,,,
"1934-01-01",,,,,459244.351665689,3753.0732000054,,,
"1935-01-01",,,,,465653.392475367,3836.16666665194,,,
"1936-01-01",,,,,492446.522758505,4030.94072194865,,,
"1937-01-01",,,,,508003.952465869,4139.81539631411,,,
"1938-01-01",,,,,487182.521497951,3968.30651029767,,,
"1939-01-01",,,,,490963.53750912,3991.71124273261,,,
"1940-01-01",,,,,515581.887815277,4198.54903983049,,,
"1941-01-01",,,,,509653.922649502,4225.78225690937,,,
"1942-01-01",,,,,508838.877137105,4252.44514431825,,,
"1943-01-01",,,,,493559.755653487,4270.4970700668,,,
"1944-01-01",,,,,479664.22362506,4316.70581548343,,,
"1945-01-01",,,,,453185.184051576,4069.05500869296,,,
"1946-01-01",,,,,473275.061974221,4138.20439151277,,,
"1947-01-01",,,,,500557.219564798,4298.51748248134,,,
"1948-01-01",367127.444507052,,,,516074.890954483,4400.54494626103,0.743950294310007,,
"1949-01-01",379288.28802432,,,,526435.908541345,4392.94961712334,0.735216952573158,,
"1950-01-01",391964.571910886,498838.002193699,23187.7949248109,45925.9090703978,543031.030340101,4408.62005098176,0.741514360313316,0.476489104351922,0.399377784060917
"1951-01-01",406528.383910374,532661.424403341,23532.769511359,46795.132885613,591206.183870416,4870.55763027553,0.733911848096916,0.480499167987478,0.401557569734883
"1952-01-01",412623.325116031,553704.635035799,23519.8018286149,46091.0759610773,573398.433382484,4892.54186422064,0.716691470196601,0.482732835788957,0.407721545699766
"1953-01-01",435516.459890745,579272.342338438,23632.4647520683,46395.8621766572,586053.50589936,4933.82681145792,0.709613551367603,0.501249613632958,0.422814225583819
"1954-01-01",454507.896596141,605647.306701833,23966.4738508767,47141.7170495342,599750.246339398,5150.14367087168,0.71145237931272,0.511284587978509,0.43069295839765
"1955-01-01",472787.073761491,637422.912026976,24225.6925049554,47617.198891103,625720.379446604,5506.85040604719,0.714195384128991,0.520090516840102,0.438336418099039
"1956-01-01",480805.03506168,668044.500147144,24441.0549123345,47739.4260612724,622861.756405563,5513.69093610845,0.716054405952104,0.518595188692183,0.439045648929457
"1957-01-01",490283.814059519,699530.959472266,24469.971704002,47318.1115707708,618941.586282521,5627.83331465269,0.713956676720592,0.521482251785468,0.444672750969836
"1958-01-01",496861.1235607,726487.649791316,24205.7561188013,46153.2274085445,603248.978295053,5603.70884544748,0.702382806416446,0.526712531109682,0.453630155737718
"1959-01-01",518091.78165134,757550.449178309,23689.3000900307,45378.6652634354,593011.211492993,5580.8635674037,0.698309428754498,0.550625565551772,0.472685950843468
"1960-01-01",550846.040862151,798560.897684035,24111.0368935966,45997.1804440282,633509.033879705,5315.60735083857,0.680819650127511,0.568967466952403,0.489817225461153
"1961-01-01",565567.953506995,839678.527228635,24403.1615179934,45740.8053414497,638538.46106596,5411.78788316474,0.691573860054633,0.570309443204366,0.496948987270938
"1962-01-01",571647.568629683,874919.999674943,24521.2644033721,45122.2381293644,643333.314177915,5709.43630505108,0.693737260701011,0.567301677041916,0.500683689301761
"1963-01-01",599245.810875625,911833.912564743,24574.4261983636,45031.8822798135,654676.362211421,5994.08187895151,0.700671656112071,0.586408940620177,0.519054113953454
"1964-01-01",633441.528521389,969307.160523145,24923.1199619567,45676.2221007944,659590.490276409,6007.02440740433,0.696509009009009,0.602596069327156,0.533338190580456
"1965-01-01",646850.237846645,1023928.49100055,25176.3624537387,45609.0547733496,675056.475853114,6216.68375768461,0.697364128661839,0.600963583117,0.536203829535656
"1966-01-01",656918.667720785,1075255.99900171,25291.2139113327,44533.5023149204,670659.205917938,6030.98914715831,0.704739059568841,0.599542421498314,0.545699166043649
"1967-01-01",675005.058895114,1131844.3270042,24986.0607587595,43722.393388574,642418.872871323,5806.78256805011,0.700795491237855,0.611926755148012,0.559420072686338
"1968-01-01",711832.02299573,1194758.07062133,24867.1307557863,43349.1840990742,658087.625868185,5773.1668820612,0.687451223122258,0.636828065309823,0.583722879737108
"1969-01-01",725406.092689852,1253568.34133846,24869.2565430749,43136.3944879624,681819.365690125,5964.856804626,0.675425802783477,0.639076457674064,0.58778558530687
"1970-01-01",744994.439995061,1309828.46643162,24782.0973628248,42047.7674221472,708063.831189309,6048.68096268043,0.669081071646741,0.648486166195313,0.605347053314677
"1971-01-01",771918.334590403,1365717.58557274,24423.9535430383,40537.4914478072,716520.425359399,5953.51397845538,0.656025741029641,0.668935583736207,0.633613849374815
"1972-01-01",805557.47343364,1418429.2898643,24503.3511278396,41141.0005235293,703101.993143106,5385.78627994918,0.649547549940242,0.687509674604788,0.646323162526495
"1973-01-01",857897.660041824,1477014.51508622,24878.4156820453,41971.228376311,715621.887379878,5629.56350485655,0.645258059323646,0.714741616633017,0.66984395325874
"1974-01-01",836459.69651314,1529966.80438932,24952.0995004762,41757.1287480628,669621.513826544,5087.171161894,0.676571384564043,0.6872625433058,0.647536171311975
"1975-01-01",823739.854285507,1577769.82521893,24858.4298589774,40896.4004014826,654481.546454799,4937.12722809141,0.706111327364733,0.672160187552017,0.64082355303474
"1976-01-01",848559.235698535,1626172.50488353,24707.2251570457,40489.6556803197,649352.72347435,4886.38817781629,0.687447966418074,0.689020259778661,0.658682494527194
"1977-01-01",869405.12844308,1669994.91211401,24730.895931603,40750.5185143865,655678.271816904,4947.81599224894,0.64758621203208,0.699285832822528,0.666062099635882
"1978-01-01",905814.255123827,1715217.54076111,24866.4234276367,40998.9153644003,656044.04833954,4624.7270385059,0.634711695289264,0.719094227958417,0.68466071195665
"1979-01-01",939617.947699985,1761271.81102246,25113.2144021825,41347.7798375097,699205.678010672,4943.58439767935,0.629671512901952,0.734098037042725,0.699566119788806
"1980-01-01",920362.741040346,1798171.6412256,24994.514471,40470.2180289222,628078.047684903,4534.30492281318,0.637869069998894,0.715760986466784,0.689355586651125
"1981-01-01",915259.962047892,1822077.38338369,24177.959875,37885.2432008134,608051.783070544,4134.36162427928,0.625955118270545,0.72336516670405,0.711265194363365
"1982-01-01",933431.856632465,1853382.84896744,23739.200336,37524.0317087078,594716.843321375,3946.92381057892,0.604997884173619,0.741218329703642,0.72491256042931
"1983-01-01",972506.108477781,1890628.01717155,23693.015121,37147.0700644447,591703.16284139,3650.47960876914,0.583847817337145,0.766927010481133,0.753697846711923
"1984-01-01",994319.964357158,1939617.17483139,24225.992499,38337.8753895925,573915.291512296,3508.2395657483,0.581525591270712,0.765811798106665,0.748531257145635
"1985-01-01",1035075.2455133,1992078.72065941,24480.011179,39480.1135489211,607006.139315615,3533.68705008046,0.568340889321574,0.783495710416369,0.757527452951393
"1986-01-01",1067318.90417049,2044873.67235981,24561.297157,39678.7264345392,616679.338006649,3667.47624942383,0.573909145409472,0.797378729648553,0.770200809904834
"1987-01-01",1125541.88673061,2109891.70235376,25119.21455,40326.8643036464,620030.964186896,3656.93643315192,0.553232927143183,0.8190340039461,0.793913264477035
"1988-01-01",1186563.08938634,2197404.15343469,26017.978827,42723.3945284095,618508.220619832,3596.07136801417,0.549289123139946,0.831561903597821,0.796088332121051
"1989-01-01",1215313.20776273,2291378.54588076,26757.865966,43644.1129883594,630714.024146948,3469.9733859503,0.550511547526142,0.823018141877164,0.790825547546103
"1990-01-01",1222216.39818597,2371049.92352353,26881.642342,43476.5134906292,602247.06868957,3522.606,0.556748777957237,0.813080963159822,0.784946079443975
"1991-01-01",1205035.85917866,2429482.38975023,26103.883327,42146.8601498743,609891.79194067,3463.533,0.567475222456561,0.806349186680361,0.779191981672286
"1992-01-01",1208359.19927491,2489079.20973517,25521.949622,40388.7404963112,594221.79955699,3359.069,0.56939307434529,0.810480767783669,0.792167769960563
"1993-01-01",1235832.41294927,2548658.2702729,25329.819129,39945.4287242625,580045.94041898,3042.965,0.556097048497592,0.823874694585437,0.806837710101265
"1994-01-01",1278081.58387683,2620616.49799575,25529.339256,40494.0252237251,574186.5403264,2760.892,0.546899812597388,0.837833491168574,0.817890122859186
"1995-01-01",1308828.12621882,2695594.94171112,25814.339,40946.084977664,566340.54084582,2473.672,0.5467522923236,0.841963695248573,0.821922013632271
"1996-01-01",1343052.88275863,2768274.25409998,26056.249,41329.796813824,587021.78918509,2091.673,0.53535679947658,0.84919852746554,0.828984631530902
"1997-01-01",1408593.66661808,2830455.44358822,26522.786,42069.806606336,563560.31229773,1692.555,0.549684619971469,0.873186699452916,0.852401801100667
"1998-01-01",1454321.05174347,2903134.75597708,26793.53,42376.48628682,568584.0289533,1698.488,0.55425974085585,0.886367571377131,0.866651682205462
"1999-01-01",1497142.93419247,2975814.06836594,27167.078,42718.355626618,561160.93144298,1305.46,0.577243665861075,0.895677682676705,0.878638245328423
"2000-01-01",1564879.3810961,3055761.31199368,27483.293,41939.917367395,568902.86877456,1251.122,0.587823159289105,0.919676479507864,0.918065817358333
"2001-01-01",1602295.99607302,3130055.7202134,27711.393,42412.370120679,577988.10410643,1183.163,0.599814089833315,0.927956993835098,0.924717850345197
"2002-01-01",1629679.6731574,3200312.38885596,27943.903,42241.484801659,560614.97696344,1068.63,0.592657631642855,0.930746423161173,0.934376169990629
"2003-01-01",1682131.17552609,3268146.41375222,28223.073,42410.134443348,571468.3090488,1042.375,0.588191600378988,0.946910886463811,0.953952552447558
"2004-01-01",1721257.85870788,3340018.17822565,28533.454,42876.536522904,573608.58492722,874.6887,0.597538021485461,0.954185276982752,0.961281038688706
"2005-01-01",1769292.22263795,3420772.96976882,28853.15,43978.548293,570446.6574126,759.3865,0.595580233031943,0.964969956685583,0.963925226343216
"2006-01-01",1808036.56038148,3501527.76131199,29140.451,43840.963456421,568043.44113203,718.5928,0.598331832096445,0.971110242213713,0.977640420185485
"2007-01-01",1861028.50883379,3595203.31950207,29378.747,44436.82377485,559512.66854342,625.4891,0.607398172269136,0.984302336042493,0.987726975816897
"2008-01-01",1860108.9438557,3671920.37146809,29627.564,44919.564510524,545390.39245411,523.4119,0.596262005581789,0.970640535934134,0.972628581238395
"2009-01-01",1774778.15370461,3702607.1922545,29154.264,43495.363078656,494546.49690582,434.9859,0.604683393655329,0.932008118756193,0.942998137932666
"2010-01-01",1814897.80573555,3737331.75261806,29226.867,43603.679784768,513160.3237557,442.5143,0.607577929662446,0.948148398060465,0.959328739590894
"2011-01-01",1830350.53054719,3763173.28591188,29374.489,43507.495641548,471648.64925586,412.5555,0.60359660207294,0.950720905405067,0.966162184254218
"2012-01-01",1858323.05187193,3786592.1754594,29694.324,44461.01438196,489588.83547204,459.9347,0.596118570435014,0.956622683325214,0.965853019038366
"2013-01-01",1890257.76896192,3818086.54416123,30041.77,45763.28915994,481448.26953278,405.3672,0.597397022434276,0.963108177909692,0.962450126519968
"2014-01-01",1949993.19392022,3864924.32325627,30752.516,46652.766120124,440799.43123893,312.6964,0.585538947417916,0.975028761795082,0.976747383863249
"2015-01-01",1991730.95765821,3927105.51274452,31285.035,47348.27365068,421855.57594057,245.0179,0.589342929345627,0.979434428182953,0.982527725865451
"2016-01-01",2035678.9038874,4002207.46887967,31745.325,48928.275789375,397984.40373143,172.8073,0.589001120825475,0.984774691222042,0.977337194296186
"2017-01-01",2097222,4087000,32060.17,48780.41427959,385809.03447152,165.8254,0.586775692446517,1,1
"2018-01-01",2129756.85423358,4158871.76447342,32442.967,49304.615124844,379507.45410985,151.1592,0.589174762741533,1.00123347920868,1.00192864150134
"2019-01-01",2156512.96855222,4229128.43311599,32918.729,49673.04531184,363939.5767708,128.134,0.594066958240799,0.998264884375448,1.00317085426456
"2020-01-01",1939828.77436854,4258200.15807153,32554.923,39305.088619281,328499.62201693,109.2448,0.594939702442891,0.901405050992905,1.03424669683013
"2021-01-01",2105550.51613928,4317151.15589804,32551.369,48358.997365149,344645.12750842,101.1088,0.592867336478815,0.973028450035305,0.987036667290833
"2022-01-01",2213980.13323123,4399521.04327208,32955.659,49610.427433171,328811.21134146,99.8235,0.585031421513789,1.00786513979474,1.01445452424443
"2023-01-01",2219994.41084232,4478660.73898439,33348.734,49902.812116462,310239.49039868,94.60936,0.577843519054855,0.996198143292005,1.00620403621735
"2024-01-01",2245000.93179475,4540034.3805572,33612.74,50810.79925922,,,0.587648421071902,0.997122101849668,1.00119998258978
